General : Start date,"2/12/2018 9:07 AM"
General : End date,"2/12/2018 9:08 AM"
Test : Rate 1,"6.00000",mm/min
Specimen properties : Length,"57.20000",mm
Specimen properties : Thickness,"6.22000",mm
Specimen properties : Width,"12.75000",mm
Specimen properties : Area,"79.30500",mm^2

Time,Extension,Load,Tensile strain (Extension),Strain 1
(s),(mm),(N),(%),(%)
"0.00000","0.00000","0.11724","0.00000","0.00007"
"0.10000","0.00575","0.36396","0.01004","0.00046"
"0.20000","0.01678","41.71789","0.02934","0.00085"
"0.30000","0.02795","193.09128","0.04885","0.00188"
"0.40000","0.03883","279.26035","0.06789","0.00242"
"0.50000","0.04939","349.03891","0.08634","0.00298"
"0.60000","0.05967","424.74283","0.10432","0.00338"
"0.70000","0.06988","508.02325","0.12216","0.00378"
"0.80000","0.08006","606.78015","0.13996","0.00500"
"0.90000","0.09019","720.01886","0.15767","0.00678"
"1.00000","0.10016","839.70691","0.17511","0.00794"
"1.10000","0.11014","936.46173","0.19256","0.01055"
"1.20000","0.12012","1016.28247","0.21000","0.01178"
"1.30000","0.13017","1095.64038","0.22758","0.01278"
"1.40000","0.14018","1174.03162","0.24507","0.01460"
"1.50000","0.15021","1250.11621","0.26260","0.01607"
"1.60000","0.16021","1332.57971","0.28009","0.01727"
"1.70000","0.17014","1419.63074","0.29745","0.01884"
"1.80000","0.18014","1517.73755","0.31494","0.02054"
"1.90000","0.19020","1621.62805","0.33251","0.02218"
"2.00000","0.20020","1732.58337","0.35000","0.02406"
"2.10000","0.21018","1853.75732","0.36745","0.02559"
"2.20000","0.22021","1981.92017","0.38498","0.02754"
"2.30000","0.23021","2111.07959","0.40247","0.02967"
"2.40000","0.24017","2244.42676","0.41987","0.03181"
"2.50000","0.25022","2383.26343","0.43745","0.03408"
"2.60000","0.26027","2529.15015","0.45503","0.03598"
"2.70000","0.27018","2676.17090","0.47234","0.03788"
"2.80000","0.28011","2826.39819","0.48969","0.03969"
"2.90000","0.29013","2979.16895","0.50723","0.04179"
"3.00000","0.30016","3137.94580","0.52476","0.04380"
"3.10000","0.31017","3303.66382","0.54225","0.04607"
"3.20000","0.32020","3470.18164","0.55978","0.04802"
"3.30000","0.33023","3638.75781","0.57732","0.04960"
"3.40000","0.34018","3811.03638","0.59472","0.05159"
"3.50000","0.35016","3991.62842","0.61216","0.05349"
"3.60000","0.36021","4172.81592","0.62974","0.05523"
"3.70000","0.37022","4353.37451","0.64723","0.05740"
"3.80000","0.38014","4536.45508","0.66459","0.05919"
"3.90000","0.39015","4726.20410","0.68208","0.06102"
"4.00000","0.40015","4918.14551","0.69956","0.06255"
"4.10000","0.41015","5113.12158","0.71705","0.06426"
"4.20000","0.42016","5311.14453","0.73454","0.06562"
"4.30000","0.43019","5512.82227","0.75208","0.06745"
"4.40000","0.44017","5716.40625","0.76952","0.06875"
"4.50000","0.45012","5920.00439","0.78692","0.07002"
"4.60000","0.46017","6122.67725","0.80450","0.07198"
"4.70000","0.47018","6322.89404","0.82199","0.07346"
"4.80000","0.48016","6527.72266","0.83943","0.07444"
"4.90000","0.49018","6735.03516","0.85697","0.07614"
"5.00000","0.50019","6937.38184","0.87446","0.07741"
"5.10000","0.51012","7138.35449","0.89181","0.07881"
"5.20000","0.52015","7344.52881","0.90935","0.08033"
"5.30000","0.53025","7544.93018","0.92701","0.08134"
"5.40000","0.54023","7735.66748","0.94446","0.08291"
"5.50000","0.55016","7919.77637","0.96181","0.08377"
"5.60000","0.56019","8099.24805","0.97935","0.08484"
"5.70000","0.57019","8274.23730","0.99683","0.08574"
"5.80000","0.58017","8448.96289","1.01428","0.08687"
"5.90000","0.59020","8622.09863","1.03181","0.08798"
"6.00000","0.60023","8797.89551","1.04935","0.08889"
"6.10000","0.61018","8973.69727","1.06675","0.08998"
"6.20000","0.62011","9152.74805","1.08410","0.09096"
"6.30000","0.63019","9330.16602","1.10173","0.09159"
"6.40000","0.64017","9507.49707","1.11917","0.09281"
"6.50000","0.65012","9690.95312","1.13657","0.09344"
"6.60000","0.66017","9874.10352","1.15415","0.09437"
"6.70000","0.67015","10053.66797","1.17159","0.09568"
"6.80000","0.68011","10231.38574","1.18899","0.09669"
"6.90000","0.69008","10413.30957","1.20644","0.09743"
"7.00000","0.70016","10595.79688","1.22406","0.09848"
"7.10000","0.71019","10774.41406","1.24159","0.09964"
"7.20000","0.72015","10946.72852","1.25900","0.10015"
"7.30000","0.73017","11114.92676","1.27653","0.10115"
"7.40000","0.74018","11284.28516","1.29402","0.10197"
"7.50000","0.75016","11452.36035","1.31146","0.10263"
"7.60000","0.76019","11616.72852","1.32900","0.10357"
"7.70000","0.77026","11774.01855","1.34662","0.10427"
"7.80000","0.78019","11931.05176","1.36397","0.10480"
"7.90000","0.79017","12093.47559","1.38142","0.10545"
"8.00000","0.80018","12253.74316","1.39891","0.10649"
"8.10000","0.81015","12412.58301","1.41635","0.10693"
"8.20000","0.82011","12571.00977","1.43375","0.10791"
"8.30000","0.83016","12730.82520","1.45133","0.10863"
"8.40000","0.84017","12886.83691","1.46882","0.10913"
"8.50000","0.85012","13038.54395","1.48622","0.10986"
"8.60000","0.86012","13193.56445","1.50371","0.11068"
"8.70000","0.87020","13349.30664","1.52133","0.11131"
"8.80000","0.88018","13505.80469","1.53878","0.11204"
"8.90000","0.89018","13659.31152","1.55627","0.11268"
"9.00000","0.90021","13812.82520","1.57380","0.11341"
"9.10000","0.91014","13962.40918","1.59116","0.11426"
"9.20000","0.92012","14113.74512","1.60860","0.11505"
"9.30000","0.93017","14265.45508","1.62618","0.11595"
"9.40000","0.94025","14414.27637","1.64380","0.11647"
"9.50000","0.95018","14560.66992","1.66116","0.11732"
"9.60000","0.96011","14712.39746","1.67851","0.11785"
"9.70000","0.97016","14864.33594","1.69609","0.11900"
"9.80000","0.98017","15010.16016","1.71358","0.11930"
"9.90000","0.99015","15157.66797","1.73102","0.12045"
"10.00000","1.00020","15309.36230","1.74860","0.12107"
"10.10000","1.01020","15455.33398","1.76609","0.12176"
"10.20000","1.02016","15600.60352","1.78349","0.12277"
"10.30000","1.03016","15751.13965","1.80098","0.12342"
"10.40000","1.04022","15900.15137","1.81856","0.12436"
"10.50000","1.05022","16047.64062","1.83605","0.12493"
"10.60000","1.06017","16196.75586","1.85345","0.12598"
"10.70000","1.07018","16344.82617","1.87094","0.12632"
"10.80000","1.08010","16492.32812","1.88829","0.12710"
"10.90000","1.09008","16647.02148","1.90574","0.12831"
"11.00000","1.10016","16801.54297","1.92336","0.12901"
"11.10000","1.11022","16951.72461","1.94094","0.12952"
"11.20000","1.12022","17099.64062","1.95843","0.13072"
"11.30000","1.13017","17252.18555","1.97583","0.13188"
"11.40000","1.14020","17406.03711","1.99336","0.13239"
"11.50000","1.15021","17557.23633","2.01085","0.13322"
"11.60000","1.16019","17708.53320","2.02830","0.13374"
"11.70000","1.17019","17862.06641","2.04578","0.13491"
"11.80000","1.18019","18011.95117","2.06327","0.13574"
"11.90000","1.19012","18160.06250","2.08063","0.13643"
"12.00000","1.20015","18309.85352","2.09816","0.13756"
"12.10000","1.21020","18458.02734","2.11574","0.13820"
"12.20000","1.22018","18607.31250","2.13319","0.13928"
"12.30000","1.23014","18760.29883","2.15059","0.14006"
"12.40000","1.24019","18914.29492","2.16816","0.14102"
"12.50000","1.25017","19063.10156","2.18561","0.14147"
"12.60000","1.26010","19214.52344","2.20297","0.14250"
"12.70000","1.27015","19370.83398","2.22054","0.14376"
"12.80000","1.28018","19524.33984","2.23808","0.14434"
"12.90000","1.29016","19676.15234","2.25552","0.14541"
"13.00000","1.30011","19829.32031","2.27292","0.14591"
"13.10000","1.31017","19984.99023","2.29050","0.14716"
"13.20000","1.32020","20140.14648","2.30803","0.14795"
"13.30000","1.33020","20294.43750","2.32552","0.14859"
"13.40000","1.34020","20448.65625","2.34301","0.14941"
"13.50000","1.35023","20605.13086","2.36054","0.15077"
"13.60000","1.36016","20761.19336","2.37790","0.15149"
"13.70000","1.37014","20918.17578","2.39535","0.15243"
"13.80000","1.38022","21073.34961","2.41297","0.15313"
"13.90000","1.39022","21226.77734","2.43046","0.15410"
"14.00000","1.40015","21386.57617","2.44781","0.15500"
"14.10000","1.41018","21545.48828","2.46535","0.15597"
"14.20000","1.42016","21703.06445","2.48279","0.15711"
"14.30000","1.43011","21860.75977","2.50019","0.15804"
"14.40000","1.44014","22024.41016","2.51773","0.15889"
"14.50000","1.45019","22186.40234","2.53530","0.15965"
"14.60000","1.46015","22343.87695","2.55270","0.16078"
"14.70000","1.47013","22502.61328","2.57015","0.16129"
"14.80000","1.48013","22664.42383","2.58764","0.16264"
"14.90000","1.49013","22825.69922","2.60513","0.16327"
"15.00000","1.50016","22988.69727","2.62266","0.16460"
"15.10000","1.51022","23149.70898","2.64024","0.16488"
"15.20000","1.52022","23308.57422","2.65773","0.16612"
"15.30000","1.53015","23469.65625","2.67508","0.16725"
"15.40000","1.54015","23635.05078","2.69257","0.16808"
"15.50000","1.55021","23798.92383","2.71015","0.16899"
"15.60000","1.56024","23960.78516","2.72768","0.17010"
"15.70000","1.57019","24124.33008","2.74508","0.17115"
"15.80000","1.58019","24289.71484","2.76257","0.17168"
"15.90000","1.59017","24453.14453","2.78002","0.17249"
"16.00000","1.60012","24616.74414","2.79742","0.17391"
"16.10000","1.61015","24782.18750","2.81495","0.17492"
"16.20000","1.62021","24947.92578","2.83253","0.17599"
"16.30000","1.63016","25111.01953","2.84993","0.17679"
"16.40000","1.64011","25275.12109","2.86733","0.17788"
"16.50000","1.65017","25439.32227","2.88491","0.17858"
"16.60000","1.66015","25605.03516","2.90235","0.17916"
"16.70000","1.67013","25772.75977","2.91980","0.18029"
"16.80000","1.68020","25940.01953","2.93742","0.18158"
"16.90000","1.69023","26107.06641","2.95495","0.18207"
"17.00000","1.70014","26272.80273","2.97227","0.18314"
"17.10000","1.71009","26443.02344","2.98967","0.18416"
"17.20000","1.72017","26614.12109","3.00729","0.18535"
"17.30000","1.73022","26782.56250","3.02487","0.18601"
"17.40000","1.74018","26950.51953","3.04227","0.18716"
"17.50000","1.75018","27118.37305","3.05976","0.18798"
"17.60000","1.76016","27285.36133","3.07720","0.18896"
"17.70000","1.77011","27452.52930","3.09460","0.18970"
"17.80000","1.78017","27621.48633","3.11218","0.19069"
"17.90000","1.79022","27787.90039","3.12976","0.19153"
"18.00000","1.80020","27956.60547","3.14720","0.19257"
"18.10000","1.81015","28126.39258","3.16460","0.19352"
"18.20000","1.82021","28295.93164","3.18218","0.19440"
"18.30000","1.83021","28466.08398","3.19967","0.19494"
"18.40000","1.84016","28637.45898","3.21707","0.19638"
"18.50000","1.85022","28810.09375","3.23465","0.19695"
"18.60000","1.86017","28975.34375","3.25205","0.19785"
"18.70000","1.87007","29143.67383","3.26936","0.19852"
"18.80000","1.88005","29317.33789","3.28681","0.19942"
"18.90000","1.89021","29492.19336","3.30456","0.20027"
"19.00000","1.90021","29662.60547","3.32205","0.20118"
"19.10000","1.91017","29833.94531","3.33945","0.20238"
"19.20000","1.92022","30004.57617","3.35703","0.20280"
"19.30000","1.93020","30174.11914","3.37447","0.20411"
"19.40000","1.94015","30341.86719","3.39187","0.20480"
"19.50000","1.95021","30509.93164","3.40945","0.20564"
"19.60000","1.96023","30676.19727","3.42698","0.20675"
"19.70000","1.97014","30840.80859","3.44430","0.20711"
"19.80000","1.98012","31008.36914","3.46174","0.20811"
"19.90000","1.99017","31172.84570","3.47932","0.20818"
"20.00000","2.00017","31332.08984","3.49681","0.20897"
"20.10000","2.01015","31485.89453","3.51425","0.20818"
"20.20000","2.02016","31617.78516","3.53174","0.20654"
"20.30000","2.03019","31694.13477","3.54928","0.20285"
"20.40000","2.04011","31683.22070","3.56663","0.19967"
"20.50000","2.05012","31436.98242","3.58412","0.19980"
"20.60000","2.06020","31202.96289","3.60174","0.20050"
"20.70000","2.07020","31255.92383","3.61923","0.20051"
"20.80000","2.08015","31346.81641","3.63663","0.20047"
"20.90000","2.09021","31418.37695","3.65421","0.20046"
"21.00000","2.10016","31423.58398","3.67161","0.20121"
"21.10000","2.11019","31440.78320","3.68914","0.20074"
"21.20000","2.12024","31446.37891","3.70672","0.20140"
"21.30000","2.13030","31495.09375","3.72430","0.20174"
"21.40000","2.14020","31547.27734","3.74161","0.20164"
"21.50000","2.15018","31620.27344","3.75906","0.20126"
"21.60000","2.16021","31689.87891","3.77659","0.20209"
"21.70000","2.17021","31769.50781","3.79408","0.20337"
"21.80000","2.18019","31839.13281","3.81152","0.20503"
"21.90000","2.19020","31913.54883","3.82901","0.20676"
"22.00000","2.20017","31977.81836","3.84646","0.20855"
"22.10000","2.21013","32043.28320","3.86386","0.21020"
"22.20000","2.22013","32109.10547","3.88135","0.21282"
"22.30000","2.23019","32169.27930","3.89892","0.21538"
"22.40000","2.24016","32223.53516","3.91637","0.21822"
"22.50000","2.25014","32300.13867","3.93381","0.22111"
"22.60000","2.26020","32348.38477","3.95139","0.22301"
"22.70000","2.27010","32375.61328","3.96871","0.22554"
"22.80000","2.28010","32413.02148","3.98619","0.22878"
"22.90000","2.29018","32437.16406","4.00382","0.23628"
"23.00000","2.30026","32440.40820","4.02144","0.24571"
"23.10000","2.31022","32443.61914","4.03884","0.25801"
"23.20000","2.32017","32478.74023","4.05624","0.27202"
"23.30000","2.33020","32526.15430","4.07377","0.29108"
"23.40000","2.34020","32553.68164","4.09126","0.32396"
"23.50000","2.35021","32552.89258","4.10875","0.37534"
"23.60000","2.36023","32559.81250","4.12628","0.42801"
"23.70000","2.37021","32593.94531","4.14373","0.48199"
"23.80000","2.38017","32605.52930","4.16113","0.54603"
"23.90000","2.39017","32608.70508","4.17862","0.61735"
"24.00000","2.40022","32641.16602","4.19620","0.68866"
"24.10000","2.41018","32657.19727","4.21360","0.76355"
"24.20000","2.42018","32652.75391","4.23109","0.84840"
"24.30000","2.43021","32628.62500","4.24862","0.93570"
"24.40000","2.44019","32628.08398","4.26606","1.01127"
"24.50000","2.45012","32633.97852","4.28342","1.07435"
"24.60000","2.46017","32640.06445","4.30100","1.13750"
"24.70000","2.47025","32639.71289","4.31862","1.19371"
"24.80000","2.48025","32644.15234","4.33611","1.23588"
"24.90000","2.49018","32654.52344","4.35347","1.26818"
"25.00000","2.50016","32663.13086","4.37091","1.28939"
"25.10000","2.51019","32679.22656","4.38844","1.30388"
"25.20000","2.52019","32690.94531","4.40593","1.31400"
"25.30000","2.53025","32704.40430","4.42351","1.31902"
"25.40000","2.54020","32703.74219","4.44091","1.32118"
"25.50000","2.55013","32693.70117","4.45827","1.32193"
"25.60000","2.56016","32685.91992","4.47580","1.32302"
"25.70000","2.57021","32675.70117","4.49338","1.32400"
"25.80000","2.58022","32701.65039","4.51087","1.32434"
"25.90000","2.59017","32715.32422","4.52827","1.32453"
"26.00000","2.60022","32745.06055","4.54585","1.32500"
"26.10000","2.61020","32751.19922","4.56329","1.32469"
"26.20000","2.62018","32747.98438","4.58074","1.32483"
"26.30000","2.63021","32729.27148","4.59827","1.32446"
"26.40000","2.64024","32682.18359","4.61580","1.32469"
"26.50000","2.65017","32645.84570","4.63316","1.32441"
"26.60000","2.66012","32641.81250","4.65056","1.32461"
"26.70000","2.67012","32659.68945","4.66805","1.32392"
"26.80000","2.68015","32710.50391","4.68558","1.32341"
"26.90000","2.69018","32791.03125","4.70312","1.32316"
"27.00000","2.70024","32878.72266","4.72069","1.32278"
"27.10000","2.71027","32958.55078","4.73823","1.32181"
"27.20000","2.72019","33022.94922","4.75558","1.32061"
"27.30000","2.73020","33115.12891","4.77307","1.32073"
"27.40000","2.74023","33233.46484","4.79061","1.32187"
"27.50000","2.75020","33353.60156","4.80805","1.32332"
"27.60000","2.76016","33464.04297","4.82545","1.32568"
"27.70000","2.77016","33562.35938","4.84294","1.32720"
"27.80000","2.78014","33650.11328","4.86039","1.32978"
"27.90000","2.79014","33733.79297","4.87787","1.33318"
"28.00000","2.80020","33815.25781","4.89545","1.33760"
"28.10000","2.81018","33889.54688","4.91290","1.34255"
"28.20000","2.82016","33959.37500","4.93034","1.34842"
"28.30000","2.83013","34028.14062","4.94779","1.35531"
"28.40000","2.84016","34094.54688","4.96532","1.36240"
"28.50000","2.85014","34160.03516","4.98277","1.36964"
"28.60000","2.86012","34227.00000","5.00021","1.37707"
"28.70000","2.87017","34290.76172","5.01779","1.38504"
"28.80000","2.88018","34350.74219","5.03528","1.39329"
"28.90000","2.89011","34411.97266","5.05263","1.40111"
"29.00000","2.90014","34478.94141","5.07017","1.40959"
"29.10000","2.91026","34544.88281","5.08788","1.41800"
"29.20000","2.92027","34607.76953","5.10537","1.42711"
"29.30000","2.93022","34670.58984","5.12277","1.43611"
"29.40000","2.94025","34737.51172","5.14030","1.44484"
"29.50000","2.95020","34798.81250","5.15770","1.45397"
"29.60000","2.96016","34862.13672","5.17510","1.46311"
"29.70000","2.97021","34925.37891","5.19268","1.47226"
"29.80000","2.98024","34988.08984","5.21021","1.48123"
"29.90000","2.99014","35049.76953","5.22752","1.49044"
"30.00000","3.00015","35114.33984","5.24501","1.49977"
"30.10000","3.01020","35178.31250","5.26259","1.50901"
"30.20000","3.02018","35239.81250","5.28004","1.51846"
"30.30000","3.03013","35305.98438","5.29744","1.52762"
"30.40000","3.04019","35371.15625","5.31501","1.53738"
"30.50000","3.05019","35431.52344","5.33250","1.54679"
"30.60000","3.06007","35490.59375","5.34977","1.55604"
"30.70000","3.07005","35554.66797","5.36722","1.56526"
"30.80000","3.08020","35617.27344","5.38497","1.57505"
"30.90000","3.09023","35677.96484","5.40250","1.58402"
"31.00000","3.10021","35737.62500","5.41995","1.59331"
"31.10000","3.11024","35797.16406","5.43748","1.60324"
"31.20000","3.12019","35855.48828","5.45488","1.61270"
"31.30000","3.13015","35916.91797","5.47228","1.62215"
"31.40000","3.14023","35978.34766","5.48990","1.63163"
"31.50000","3.15028","36037.03125","5.50748","1.64122"
"31.60000","3.16021","36094.50391","5.52484","1.65053"
"31.70000","3.17019","36154.05078","5.54228","1.66027"
"31.80000","3.18019","36213.31641","5.55977","1.66944"
"31.90000","3.19017","36270.53906","5.57722","1.67924"
"32.00000","3.20012","36332.34766","5.59462","1.68858"
"32.10000","3.21020","36394.77734","5.61224","1.69849"
"32.20000","3.22021","36453.23438","5.62973","1.70780"
"32.30000","3.23016","36510.60547","5.64713","1.71711"
"32.40000","3.24016","36571.52734","5.66462","1.72697"
"32.50000","3.25022","36630.54297","5.68220","1.73696"
"32.60000","3.26020","36687.93750","5.69964","1.74618"
"32.70000","3.27020","36746.54297","5.71713","1.75597"
"32.80000","3.28023","36803.33984","5.73466","1.76541"
"32.90000","3.29013","36858.99219","5.75198","1.77520"
"33.00000","3.30008","36918.58594","5.76938","1.78536"
"33.10000","3.31019","36980.26172","5.78704","1.79484"
"33.20000","3.32027","37036.80859","5.80466","1.80523"
"33.30000","3.33017","37090.41016","5.82198","1.81505"
"33.40000","3.34012","37148.25391","5.83938","1.82479"
"33.50000","3.35015","37206.55859","5.85691","1.83524"
"33.60000","3.36016","37261.72656","5.87440","1.84470"
"33.70000","3.37016","37318.79688","5.89189","1.85385"
"33.80000","3.38024","37376.40234","5.90951","1.86412"
"33.90000","3.39027","37432.43359","5.92704","1.87373"
"34.00000","3.40020","37487.64062","5.94440","1.88363"
"34.10000","3.41020","37547.02344","5.96189","1.89304"
"34.20000","3.42023","37606.05469","5.97942","1.90308"
"34.30000","3.43021","37661.15234","5.99687","1.91277"
"34.40000","3.44019","37718.06250","6.01431","1.92261"
"34.50000","3.45022","37773.63672","6.03185","1.93268"
"34.60000","3.46007","37826.61719","6.04907","1.94234"
"34.70000","3.47005","37884.20703","6.06652","1.95220"
"34.80000","3.48018","37942.23438","6.08423","1.96167"
"34.90000","3.49023","37997.20703","6.10180","1.97154"
"35.00000","3.50024","38050.93359","6.11929","1.98184"
"35.10000","3.51019","38107.42969","6.13669","1.99165"
"35.20000","3.52022","38162.96875","6.15423","2.00202"
"35.30000","3.53020","38217.91016","6.17167","2.01196"
"35.40000","3.54020","38274.25781","6.18916","2.02226"
"35.50000","3.55020","38329.91016","6.20665","2.03214"
"35.60000","3.56016","38382.15234","6.22405","2.04243"
"35.70000","3.57011","38435.72266","6.24145","2.05219"
"35.80000","3.58016","38492.21094","6.25903","2.06220"
"35.90000","3.59024","38545.72266","6.27665","2.07222"
"36.00000","3.60020","38598.94141","6.29405","2.08214"
"36.10000","3.61018","38653.81250","6.31150","2.09211"
"36.20000","3.62020","38708.65234","6.32903","2.10280"
"36.30000","3.63013","38759.54688","6.34639","2.11267"
"36.40000","3.64011","38815.52344","6.36383","2.12294"
"36.50000","3.65017","38872.65625","6.38141","2.13291"
"36.60000","3.66017","38925.18750","6.39890","2.14328"
"36.70000","3.67015","38973.51562","6.41634","2.15327"
"36.80000","3.68015","39028.06641","6.43383","2.16308"
"36.90000","3.69021","39081.10547","6.45141","2.17317"
"37.00000","3.70021","39133.73047","6.46890","2.18354"
"37.10000","3.71024","39187.96094","6.48643","2.19343"
"37.20000","3.72029","39239.92969","6.50401","2.20371"
"37.30000","3.73022","39289.12500","6.52137","2.21385"
"37.40000","3.74012","39338.26953","6.53868","2.22394"
"37.50000","3.75018","39391.34375","6.55626","2.23426"
"37.60000","3.76023","39444.29688","6.57383","2.24394"
"37.70000","3.77021","39496.48438","6.59128","2.25436"
"37.80000","3.78019","39550.99219","6.60872","2.26504"
"37.90000","3.79022","39602.45703","6.62626","2.27446"
"38.00000","3.80017","39654.04297","6.64366","2.28481"
"38.10000","3.81013","39706.67188","6.66106","2.29543"
"38.20000","3.82018","39762.12891","6.67864","2.30548"
"38.30000","3.83018","39812.26562","6.69612","2.31556"
"38.40000","3.84014","39861.58594","6.71353","2.32643"
"38.50000","3.85012","39913.56641","6.73097","2.33627"
"38.60000","3.86012","39964.07031","6.74846","2.34685"
"38.70000","3.87010","40015.85547","6.76590","2.35696"
"38.80000","3.88015","40068.68750","6.78348","2.36716"
"38.90000","3.89028","40119.30469","6.80119","2.37762"
"39.00000","3.90023","40165.75781","6.81859","2.38811"
"39.10000","3.91016","40213.31250","6.83595","2.39882"
"39.20000","3.92019","40264.94922","6.85348","2.40883"
"39.30000","3.93025","40314.75781","6.87106","2.41919"
"39.40000","3.94025","40362.68750","6.88855","2.42929"
"39.50000","3.95020","40414.51953","6.90595","2.43991"
"39.60000","3.96021","40465.85156","6.92344","2.45002"
"39.70000","3.97016","40513.94922","6.94084","2.46078"
"39.80000","3.98011","40563.68359","6.95824","2.47106"
"39.90000","3.99014","40615.17578","6.97577","2.48126"
"40.00000","4.00020","40664.10156","6.99335","2.49148"
"40.10000","4.01018","40711.50000","7.01080","2.50215"
"40.20000","4.02018","40757.36719","7.02829","2.51260"
"40.30000","4.03021","40803.29688","7.04582","2.52309"
"40.40000","4.04019","40850.34375","7.06326","2.53332"
"40.50000","4.05019","40900.87109","7.08075","2.54357"
"40.60000","4.06027","40950.63281","7.09837","2.55430"
"40.70000","4.07025","40996.61719","7.11582","2.56403"
"40.80000","4.08013","41043.49609","7.13309","2.57499"
"40.90000","4.09010","41094.55469","7.15053","2.58535"
"41.00000","4.10018","41144.73828","7.16815","2.59555"
"41.10000","4.11019","41191.62109","7.18564","2.60619"
"41.20000","4.12019","41241.33984","7.20313","2.61694"
"41.30000","4.13017","41289.88281","7.22058","2.62726"
"41.40000","4.14012","41338.39844","7.23798","2.63781"
"41.50000","4.15013","41386.97266","7.25547","2.64877"
"41.60000","4.16018","41435.77344","7.27304","2.65945"
"41.70000","4.17021","41483.08984","7.29058","2.67010"
"41.80000","4.18021","41529.07031","7.30807","2.68089"
"41.90000","4.19022","41575.85938","7.32556","2.69141"
"42.00000","4.20027","41620.35547","7.34313","2.70214"
"42.10000","4.21020","41665.54297","7.36049","2.71294"
"42.20000","4.22018","41715.24609","7.37793","2.72329"
"42.30000","4.23023","41765.13672","7.39551","2.73368"
"42.40000","4.24019","41809.07422","7.41291","2.74476"
"42.50000","4.25006","41853.30078","7.43018","2.75587"
"42.60000","4.26007","41904.73828","7.44767","2.76658"
"42.70000","4.27020","41952.54688","7.46538","2.77734"
"42.80000","4.28020","41996.67188","7.48287","2.78820"
"42.90000","4.29023","42041.87109","7.50040","2.79911"
"43.00000","4.30026","42086.68359","7.51794","2.80974"
"43.10000","4.31021","42129.93750","7.53534","2.82018"
"43.20000","4.32019","42175.69141","7.55278","2.83111"
"43.30000","4.33025","42224.15234","7.57036","2.84192"
"43.40000","4.34027","42265.92188","7.58789","2.85251"
"43.50000","4.35015","42308.78906","7.60516","2.86338"
"43.60000","4.36011","42353.95312","7.62256","2.87390"
"43.70000","4.37013","42398.00391","7.64010","2.88446"
"43.80000","4.38019","42442.51172","7.65767","2.89532"
"43.90000","4.39014","42488.29297","7.67507","2.90578"
"44.00000","4.40020","42532.39062","7.69265","2.91662"
"44.10000","4.41020","42575.25391","7.71014","2.92758"
"44.20000","4.42010","42617.53906","7.72745","2.93794"
"44.30000","4.43013","42664.22266","7.74499","2.94880"
"44.40000","4.44019","42709.58984","7.76256","2.95977"
"44.50000","4.45014","42752.11328","7.77996","2.97092"
"44.60000","4.46017","42796.65625","7.79750","2.98189"
"44.70000","4.47020","42836.78125","7.81503","2.99267"
"44.80000","4.48018","42878.24219","7.83248","3.00317"
"44.90000","4.49018","42920.09766","7.84997","3.01417"
"45.00000","4.50028","42963.94922","7.86763","3.02455"
"45.10000","4.51029","43004.02734","7.88512","3.03520"
"45.20000","4.52019","43045.19141","7.90243","3.04628"
"45.30000","4.53017","43091.10156","7.91988","3.05745"
"45.40000","4.54020","43132.66406","7.93741","3.06825"
"45.50000","4.55018","43173.67969","7.95486","3.07906"
"45.60000","4.56018","43217.26953","7.97234","3.08996"
"45.70000","4.57024","43262.04297","7.98992","3.10088"
"45.80000","4.58019","43301.95312","8.00732","3.11159"
"45.90000","4.59012","43344.45703","8.02468","3.12267"
"46.00000","4.60017","43388.16016","8.04226","3.13358"
"46.10000","4.61020","43430.85156","8.05979","3.14463"
"46.20000","4.62015","43472.16016","8.07719","3.15515"
"46.30000","4.63013","43515.27734","8.09464","3.16639"
"46.40000","4.64019","43554.94531","8.11221","3.17751"
"46.50000","4.65009","43594.51172","8.12953","3.18846"
"46.60000","4.66007","43636.09375","8.14697","3.19944"
"46.70000","4.67020","43680.46094","8.16468","3.21091"
"46.80000","4.68028","43721.73438","8.18230","3.22160"
"46.90000","4.69020","43760.11328","8.19966","3.23288"
"47.00000","4.70018","43801.29688","8.21710","3.24377"
"47.10000","4.71019","43842.75000","8.23459","3.25505"
"47.20000","4.72017","43883.07812","8.25204","3.26586"
"47.30000","4.73020","43925.51953","8.26957","3.27754"
"47.40000","4.74027","43968.12500","8.28719","3.28862"
"47.50000","4.75023","44003.83203","8.30459","3.29981"
"47.60000","4.76013","44041.42969","8.32191","3.31096"
"47.70000","4.77018","44083.66797","8.33948","3.32199"
"47.80000","4.78019","44124.17578","8.35697","3.33301"
"47.90000","4.79014","44164.55078","8.37437","3.34447"
"48.00000","4.80017","44203.63281","8.39191","3.35531"
"48.10000","4.81023","44240.67578","8.40948","3.36661"
"48.20000","4.82018","44277.77344","8.42688","3.37719"
"48.30000","4.83013","44319.51562","8.44429","3.38893"
"48.40000","4.84021","44361.78516","8.46191","3.40016"
"48.50000","4.85024","44400.07422","8.47944","3.41107"
"48.60000","4.86024","44438.59375","8.49693","3.42290"
"48.70000","4.87022","44478.32031","8.51438","3.43406"
"48.80000","4.88015","44516.37109","8.53173","3.44533"
"48.90000","4.89010","44554.13672","8.54913","3.45632"
"49.00000","4.90016","44594.41406","8.56671","3.46834"
"49.10000","4.91024","44632.46875","8.58433","3.47970"
"49.20000","4.92017","44668.12109","8.60169","3.49059"
"49.30000","4.93009","44704.38281","8.61904","3.50226"
"49.40000","4.94015","44744.49219","8.63662","3.51332"
"49.50000","4.95020","44781.85938","8.65420","3.52436"
"49.60000","4.96021","44819.42969","8.67169","3.53610"
"49.70000","4.97021","44859.18750","8.68918","3.54732"
"49.80000","4.98026","44897.83594","8.70675","3.55834"
"49.90000","4.99022","44933.25391","8.72416","3.57019"
"50.00000","5.00020","44971.71484","8.74160","3.58175"
"50.10000","5.01022","45010.24609","8.75913","3.59290"
"50.20000","5.02023","45046.68750","8.77662","3.60430"
"50.30000","5.03016","45081.40625","8.79398","3.61571"
"50.40000","5.04011","45118.57812","8.81138","3.62716"
"50.50000","5.05006","45155.25391","8.82878","3.63789"
"50.60000","5.06009","45194.66797","8.84631","3.64928"
"50.70000","5.07017","45234.54688","8.86394","3.66121"
"50.80000","5.08028","45269.99219","8.88160","3.67257"
"50.90000","5.09028","45303.57422","8.89909","3.68400"
"51.00000","5.10021","45337.71094","8.91645","3.69586"
"51.10000","5.11024","45375.52734","8.93398","3.70722"
"51.20000","5.12027","45409.76562","8.95151","3.71829"
"51.30000","5.13022","45445.73047","8.96892","3.72983"
"51.40000","5.14017","45483.46875","8.98632","3.74162"
"51.50000","5.15018","45518.16797","9.00380","3.75319"
"51.60000","5.16013","45552.98828","9.02121","3.76441"
"51.70000","5.17013","45591.48828","9.03870","3.77578"
"51.80000","5.18019","45629.57812","9.05627","3.78752"
"51.90000","5.19022","45664.22266","9.07381","3.79991"
"52.00000","5.20015","45699.48828","9.09116","3.81143"
"52.10000","5.21015","45734.70703","9.10865","3.82352"
"52.20000","5.22015","45767.93750","9.12614","3.83519"
"52.30000","5.23013","45803.99219","9.14359","3.84666"
"52.40000","5.24013","45840.83594","9.16107","3.85853"
"52.50000","5.25019","45873.89062","9.17865","3.87003"
"52.60000","5.26019","45905.50781","9.19614","3.88208"
"52.70000","5.27015","45939.07422","9.21354","3.89370"
"52.80000","5.28020","45975.53516","9.23112","3.90574"
"52.90000","5.29026","46008.22656","9.24870","3.91712"
"53.00000","5.30026","46040.33984","9.26619","3.92864"
"53.10000","5.31021","46074.13281","9.28359","3.94044"
"53.20000","5.32022","46108.36328","9.30108","3.95229"
"53.30000","5.33017","46138.37109","9.31848","3.96353"
"53.40000","5.34015","46171.86328","9.33592","3.97502"
"53.50000","5.35023","46206.69531","9.35354","3.98724"
"53.60000","5.36023","46239.22656","9.37103","3.99870"
"53.70000","5.37016","46270.28125","9.38839","4.01050"
"53.80000","5.38016","46303.55078","9.40588","4.02162"
"53.90000","5.39019","46334.87891","9.42341","4.03353"
"54.00000","5.40015","46368.35938","9.44081","4.04511"
"54.10000","5.41015","46403.23438","9.45830","4.05699"
"54.20000","5.42018","46436.64844","9.47584","4.06852"
"54.30000","5.43016","46468.54297","9.49328","4.08056"
"54.40000","5.44008","46501.20703","9.51064","4.09219"
"54.50000","5.45009","46536.84766","9.52813","4.10442"
"54.60000","5.46014","46569.84375","9.54570","4.11617"
"54.70000","5.47020","46602.78125","9.56328","4.12797"
"54.80000","5.48023","46633.74219","9.58081","4.13952"
"54.90000","5.49025","46664.53906","9.59835","4.15195"
"55.00000","5.50018","46695.89453","9.61570","4.16326"
"55.10000","5.51016","46730.30859","9.63315","4.17545"
"55.20000","5.52024","46763.47266","9.65077","4.18757"
"55.30000","5.53027","46792.95703","9.66830","4.19984"
"55.40000","5.54020","46823.02344","9.68566","4.21140"
"55.50000","5.55018","46856.75781","9.70310","4.22354"
"55.60000","5.56018","46885.06641","9.72059","4.23535"
"55.70000","5.57013","46915.02734","9.73800","4.24744"
"55.80000","5.58011","46947.87891","9.75544","4.25969"
"55.90000","5.59022","46981.47266","9.77311","4.27161"
"56.00000","5.60022","47012.82031","9.79060","4.28405"
"56.10000","5.61017","47042.98828","9.80800","4.29642"
"56.20000","5.62018","47076.01562","9.82548","4.30851"
"56.30000","5.63021","47106.82812","9.84302","4.32049"
"56.40000","5.64021","47137.01172","9.86051","4.33295"
"56.50000","5.65021","47167.68359","9.87800","4.34530"
"56.60000","5.66024","47196.18750","9.89553","4.35763"
"56.70000","5.67012","47223.51953","9.91280","4.37007"
"56.80000","5.68007","47255.88281","9.93020","4.38209"
"56.90000","5.69020","47289.76953","9.94791","4.39427"
"57.00000","5.70026","47319.27344","9.96549","4.40690"
"57.10000","5.71019","47347.41016","9.98284","4.41889"
"57.20000","5.72011","47377.95703","10.00020","4.43110"
"57.30000","5.73017","47408.16797","10.01778","4.44340"
"57.40000","5.74017","47436.79297","10.03527","4.45590"
"57.50000","5.75020","47466.68750","10.05280","4.46793"
"57.60000","5.76026","47497.70312","10.07038","4.48017"
"57.70000","5.77026","47524.87500","10.08787","4.49256"
"57.80000","5.78019","47554.13281","10.10522","4.50468"
"57.90000","5.79024","47583.96875","10.12280","4.51735"
"58.00000","5.80025","47612.33203","10.14029","4.52975"
"58.10000","5.81017","47641.76953","10.15765","4.54175"
"58.20000","5.82020","47672.46094","10.17518","4.55475"
"58.30000","5.83021","47700.17578","10.19267","4.56697"
"58.40000","5.84006","47724.80078","10.20989","4.57918"
"58.50000","5.85006","47756.26953","10.22738","4.59133"
"58.60000","5.86024","47788.34766","10.24518","4.60341"
"58.70000","5.87027","47812.42188","10.26271","4.61638"
"58.80000","5.88023","47837.01562","10.28011","4.62900"
"58.90000","5.89023","47866.87891","10.29760","4.64142"
"59.00000","5.90023","47895.66797","10.31509","4.65391"
"59.10000","5.91021","47922.00781","10.33254","4.66614"
"59.20000","5.92022","47952.19922","10.35003","4.67886"
"59.30000","5.93024","47979.54297","10.36756","4.69130"
"59.40000","5.94015","48004.23047","10.38487","4.70378"
"59.50000","5.95010","48031.70703","10.40227","4.71645"
"59.60000","5.96015","48059.08984","10.41985","4.72884"
"59.70000","5.97023","48087.75000","10.43747","4.74102"
"59.80000","5.98016","48113.71875","10.45483","4.75368"
"59.90000","5.99017","48140.03125","10.47232","4.76625"
"60.00000","6.00019","48164.58984","10.48985","4.77893"
"60.10000","6.01012","48186.58984","10.50721","4.79098"
"60.20000","6.02010","48215.05469","10.52465","4.80366"
"60.30000","6.03018","48244.59766","10.54227","4.81616"
"60.40000","6.04018","48271.00781","10.55976","4.82864"
"60.50000","6.05014","48297.86719","10.57716","4.84113"
"60.60000","6.06014","48326.28516","10.59465","4.85379"
"60.70000","6.07020","48355.91797","10.61223","4.86633"
"60.80000","6.08022","48382.14062","10.62976","4.87932"
"60.90000","6.09025","48409.75000","10.64730","4.89167"
"61.00000","6.10031","48434.16797","10.66487","4.90478"
"61.10000","6.11024","48458.16016","10.68223","4.91736"
"61.20000","6.12016","48484.99219","10.69959","4.92992"
"61.30000","6.13019","48512.49609","10.71712","4.94301"
"61.40000","6.14022","48536.66406","10.73465","4.95585"
"61.50000","6.15018","48560.87500","10.75206","4.96859"
"61.60000","6.16023","48587.97656","10.76963","4.98150"
"61.70000","6.17021","48610.93359","10.78708","4.99367"
"61.80000","6.18019","48635.79688","10.80452","5.00656"
"61.90000","6.19017","48662.25391","10.82197","5.01934"
"62.00000","6.20019","48690.01953","10.83950","5.03237"
"62.10000","6.21020","48715.14062","10.85699","5.04511"
"62.20000","6.22015","48737.61719","10.87439","5.05828"
"62.30000","6.23013","48764.41016","10.89184","5.07107"
"62.40000","6.24008","48786.63281","10.90924","5.08420"
"62.50000","6.25006","48811.58594","10.92668","5.09674"
"62.60000","6.26014","48838.62109","10.94430","5.11035"
"62.70000","6.27027","48863.30469","10.96201","5.12294"
"62.80000","6.28022","48884.10156","10.97941","5.13583"
"62.90000","6.29018","48907.74219","10.99681","5.14862"
"63.00000","6.30021","48932.90234","11.01435","5.16175"
"63.10000","6.31024","48956.37891","11.03188","5.17454"
"63.20000","6.32024","48979.05078","11.04937","5.18752"
"63.30000","6.33024","49005.43750","11.06686","5.20043"
"63.40000","6.34025","49027.53516","11.08435","5.21304"
"63.50000","6.35018","49050.86328","11.10170","5.22612"
"63.60000","6.36013","49072.87891","11.11911","5.23949"
"63.70000","6.37016","49097.66797","11.13664","5.25215"
"63.80000","6.38019","49123.12109","11.15417","5.26499"
"63.90000","6.39019","49147.32422","11.17166","5.27829"
"64.00000","6.40019","49171.13281","11.18915","5.29143"
"64.10000","6.41020","49194.65625","11.20664","5.30444"
"64.20000","6.42015","49217.16797","11.22404","5.31780"
"64.30000","6.43018","49242.12500","11.24157","5.33084"
"64.40000","6.44026","49263.81250","11.25919","5.34424"
"64.50000","6.45024","49284.99219","11.27664","5.35740"
"64.60000","6.46017","49306.32812","11.29400","5.37028"
"64.70000","6.47012","49327.43359","11.31140","5.38378"
"64.80000","6.48017","49350.18359","11.32897","5.39670"
"64.90000","6.49020","49371.18359","11.34651","5.40979"
"65.00000","6.50021","49394.83594","11.36400","5.42290"
"65.10000","6.51016","49416.52344","11.38140","5.43609"
"65.20000","6.52009","49438.40625","11.39876","5.44982"
"65.30000","6.53012","49465.20703","11.41629","5.46328"
"65.40000","6.54020","49488.23438","11.43391","5.47622"
"65.50000","6.55020","49509.66406","11.45140","5.49027"
"65.60000","6.56020","49531.61328","11.46889","5.50372"
"65.70000","6.57026","49554.76562","11.48647","5.51669"
"65.80000","6.58026","49572.14453","11.50395","5.53009"
"65.90000","6.59022","49592.22656","11.52136","5.54358"
"66.00000","6.60019","49614.55859","11.53880","5.55680"
"66.10000","6.61025","49636.00781","11.55638","5.56983"
"66.20000","6.62020","49653.05469","11.57378","5.58327"
"66.30000","6.63008","49673.73438","11.59105","5.59675"
"66.40000","6.64008","49696.55078","11.60854","5.60936"
"66.50000","6.65014","49719.60156","11.62611","5.62260"
"66.60000","6.66017","49742.48047","11.64365","5.63655"
"66.70000","6.67022","49763.57812","11.66122","5.64963"
"66.80000","6.68027","49782.91797","11.67880","5.66294"
"66.90000","6.69023","49802.70703","11.69620","5.67637"
"67.00000","6.70021","49824.51562","11.71365","5.69029"
"67.10000","6.71026","49844.37109","11.73123","5.70355"
"67.20000","6.72026","49863.23828","11.74871","5.71685"
"67.30000","6.73014","49882.54688","11.76598","5.73052"
"67.40000","6.74012","49904.44922","11.78343","5.74358"
"67.50000","6.75015","49923.98438","11.80096","5.75719"
"67.60000","6.76018","49943.76562","11.81849","5.77041"
"67.70000","6.77018","49965.58984","11.83598","5.78385"
"67.80000","6.78021","49986.53906","11.85352","5.79747"
"67.90000","6.79022","50003.92969","11.87100","5.81087"
"68.00000","6.80012","50022.68359","11.88832","5.82428"
"68.10000","6.81015","50044.31641","11.90585","5.83765"
"68.20000","6.82018","50064.22266","11.92338","5.85156"
"68.30000","6.83013","50083.43359","11.94078","5.86557"
"68.40000","6.84016","50103.24609","11.95832","5.87862"
"68.50000","6.85019","50121.06250","11.97585","5.89217"
"68.60000","6.86012","50140.26172","11.99321","5.90596"
"68.70000","6.87014","50162.64453","12.01074","5.91942"
"68.80000","6.88027","50182.80078","12.02845","5.93326"
"68.90000","6.89030","50200.19531","12.04598","5.94716"
"69.00000","6.90021","50215.29688","12.06330","5.96098"
"69.10000","6.91021","50235.67188","12.08079","5.97460"
"69.20000","6.92021","50252.23047","12.09828","5.98826"
"69.30000","6.93019","50270.47266","12.11572","6.00179"
"69.40000","6.94020","50291.67969","12.13321","6.01494"
"69.50000","6.95023","50310.11719","12.15074","6.02866"
"69.60000","6.96020","50325.80469","12.16819","6.04212"
"69.70000","6.97013","50343.71484","12.18555","6.05627"
"69.80000","6.98019","50363.94141","12.20312","6.07023"
"69.90000","6.99016","50382.66797","12.22057","6.08354"
"70.00000","7.00012","50401.41406","12.23797","6.09845"
"70.10000","7.01015","50420.21875","12.25550","6.11189"
"70.20000","7.02015","50436.19141","12.27299","6.12571"
"70.30000","7.03008","50453.98438","12.29035","6.13949"
"70.40000","7.04006","50474.68359","12.30779","6.15326"
"70.50000","7.05019","50494.51172","12.32550","6.16705"
"70.60000","7.06024","50511.67578","12.34308","6.18087"
"70.70000","7.07022","50525.50000","12.36052","6.19491"
"70.80000","7.08020","50542.95703","12.37797","6.20860"
"70.90000","7.09023","50558.28125","12.39550","6.22235"
"71.00000","7.10021","50574.67969","12.41295","6.23608"
"71.10000","7.11024","50595.48438","12.43048","6.25004"
"71.20000","7.12029","50614.91016","12.44806","6.26394"
"71.30000","7.13024","50631.27734","12.46546","6.27833"
"71.40000","7.14017","50649.14844","12.48281","6.29176"
"71.50000","7.15020","50665.20703","12.50035","6.30629"
"71.60000","7.16018","50680.06641","12.51779","6.31966"
"71.70000","7.17011","50693.66797","12.53515","6.33372"
"71.80000","7.18019","50710.71875","12.55277","6.34727"
"71.90000","7.19021","50726.56250","12.57031","6.36127"
"72.00000","7.20017","50741.05078","12.58771","6.37536"
"72.10000","7.21012","50758.95312","12.60511","6.38883"
"72.20000","7.22020","50778.60547","12.62273","6.40241"
"72.30000","7.23023","50793.46875","12.64026","6.41627"
"72.40000","7.24023","50810.18750","12.65775","6.43025"
"72.50000","7.25024","50828.41406","12.67524","6.44414"
"72.60000","7.26014","50842.87500","12.69255","6.45788"
"72.70000","7.27009","50859.74219","12.70995","6.47204"
"72.80000","7.28017","50879.76953","12.72758","6.48609"
"72.90000","7.29023","50896.21484","12.74515","6.50057"
"73.00000","7.30013","50908.57812","12.76247","6.51437"
"73.10000","7.31008","50926.00000","12.77987","6.52876"
"73.20000","7.32019","50944.38281","12.79753","6.54257"
"73.30000","7.33019","50959.35547","12.81502","6.55698"
"73.40000","7.34020","50974.53125","12.83251","6.57116"
"73.50000","7.35022","50990.62891","12.85004","6.58584"
"73.60000","7.36025","51004.12500","12.86758","6.59962"
"73.70000","7.37023","51016.55859","12.88502","6.61363"
"73.80000","7.38021","51033.49219","12.90247","6.62818"
"73.90000","7.39024","51050.68750","12.92000","6.64278"
"74.00000","7.40022","51064.57031","12.93744","6.65714"
"74.10000","7.41017","51079.67188","12.95484","6.67126"
"74.20000","7.42015","51093.47266","12.97229","6.68527"
"74.30000","7.43008","51106.95312","12.98965","6.69920"
"74.40000","7.44008","51124.07812","13.00714","6.71359"
"74.50000","7.45019","51142.91406","13.02480","6.72771"
"74.60000","7.46027","51156.00391","13.04242","6.74211"
"74.70000","7.47024","51168.30469","13.05987","6.75625"
"74.80000","7.48017","51183.18750","13.07723","6.77025"
"74.90000","7.49023","51199.73438","13.09480","6.78470"
"75.00000","7.50026","51213.18750","13.11234","6.79901"
"75.10000","7.51021","51226.50391","13.12974","6.81335"
"75.20000","7.52021","51240.83203","13.14722","6.82748"
"75.30000","7.53019","51253.33203","13.16467","6.84219"
"75.40000","7.54014","51266.24219","13.18207","6.85553"
"75.50000","7.55015","51281.23047","13.19956","6.86988"
"75.60000","7.56023","51296.68750","13.21718","6.88419"
"75.70000","7.57018","51309.01953","13.23458","6.89866"
"75.80000","7.58013","51324.57422","13.25198","6.91308"
"75.90000","7.59016","51340.12109","13.26952","6.92724"
"76.00000","7.60014","51352.78125","13.28696","6.94139"
"76.10000","7.61012","51369.07812","13.30441","6.95592"
"76.20000","7.62015","51385.48047","13.32194","6.97037"
"76.30000","7.63018","51396.56641","13.33947","6.98500"
"76.40000","7.64016","51406.93359","13.35692","6.99878"
"76.50000","7.65014","51423.19922","13.37436","7.01335"
"76.60000","7.66022","51439.15234","13.39198","7.02783"
"76.70000","7.67027","51451.14844","13.40956","7.04215"
"76.80000","7.68027","51462.39844","13.42705","7.05652"
"76.90000","7.69025","51476.03125","13.44450","7.07109"
"77.00000","7.70023","51487.07812","13.46194","7.08569"
"77.10000","7.71016","51498.37891","13.47930","7.09982"
"77.20000","7.72016","51512.93359","13.49679","7.11425"
"77.30000","7.73024","51529.18750","13.51441","7.12902"
"77.40000","7.74022","51540.79297","13.53185","7.14485"
"77.50000","7.75017","51554.67969","13.54925","7.15913"
"77.60000","7.76018","51568.95703","13.56674","7.17336"
"77.70000","7.77018","51581.45312","13.58423","7.18827"
"77.80000","7.78013","51593.12500","13.60163","7.20325"
"77.90000","7.79014","51607.56250","13.61912","7.21743"
"78.00000","7.80019","51619.22656","13.63670","7.23213"
"78.10000","7.81017","51628.86328","13.65415","7.24679"
"78.20000","7.82010","51640.77734","13.67150","7.26095"
"78.30000","7.83010","51653.06250","13.68899","7.27556"
"78.40000","7.84011","51665.90625","13.70648","7.29009"
"78.50000","7.85019","51682.48828","13.72410","7.30492"
"78.60000","7.86027","51697.70312","13.74172","7.31956"
"78.70000","7.87024","51707.74609","13.75917","7.33445"
"78.80000","7.88017","51718.86719","13.77652","7.34949"
"78.90000","7.89018","51732.16016","13.79401","7.36450"
"79.00000","7.90025","51744.58594","13.81163","7.37918"
"79.10000","7.91028","51755.92188","13.82917","7.39374"
"79.20000","7.92021","51767.18750","13.84652","7.40860"
"79.30000","7.93024","51779.30469","13.86406","7.42346"
"79.40000","7.94022","51788.42578","13.88150","7.43780"
"79.50000","7.95015","51799.62500","13.89886","7.45240"
"79.60000","7.96013","51814.36719","13.91631","7.46720"
"79.70000","7.97021","51825.82812","13.93393","7.48156"
"79.80000","7.98018","51837.76562","13.95137","7.49658"
"79.90000","7.99016","51850.03125","13.96882","7.51124"
"80.00000","8.00019","51863.40625","13.98635","7.52617"
"80.10000","8.01017","51875.21484","14.00379","7.54083"
"80.20000","8.02017","51887.32031","14.02128","7.55583"
"80.30000","8.03025","51899.86719","14.03890","7.57084"
"80.40000","8.04026","51909.10156","14.05639","7.58566"
"80.50000","8.05014","51919.90234","14.07366","7.60037"
"80.60000","8.06009","51932.43750","14.09106","7.61551"
"80.70000","8.07019","51945.96094","14.10873","7.63068"
"80.80000","8.08022","51955.30078","14.12626","7.64531"
"80.90000","8.09018","51965.88672","14.14366","7.66070"
"81.00000","8.10015","51976.28125","14.16111","7.67587"
"81.10000","8.11013","51985.02734","14.17855","7.69057"
"81.20000","8.12014","51997.04297","14.19604","7.70543"
"81.30000","8.13019","52009.90625","14.21362","7.72087"
"81.40000","8.14027","52021.77344","14.23124","7.73569"
"81.50000","8.15025","52031.38672","14.24869","7.75149"
"81.60000","8.16020","52041.10547","14.26609","7.76634"
"81.70000","8.17026","52052.49219","14.28366","7.78153"
"81.80000","8.18023","52061.94922","14.30111","7.79677"
"81.90000","8.19019","52071.35156","14.31851","7.81186"
"82.00000","8.20022","52084.65625","14.33604","7.82645"
"82.10000","8.21020","52092.98828","14.35349","7.84145"
"82.20000","8.22005","52102.50000","14.37071","7.85672"
"82.30000","8.23003","52115.69141","14.38816","7.87144"
"82.40000","8.24021","52129.64453","14.40596","7.88673"
"82.50000","8.25024","52138.07812","14.42349","7.90196"
"82.60000","8.26019","52144.69531","14.44089","7.91698"
"82.70000","8.27024","52155.61328","14.45847","7.93220"
"82.80000","8.28025","52162.95703","14.47596","7.94765"
"82.90000","8.29020","52172.87500","14.49336","7.96241"
"83.00000","8.30023","52184.17188","14.51089","7.97766"
"83.10000","8.31026","52195.73828","14.52843","7.99269"
"83.20000","8.32016","52204.04688","14.54574","8.00802"
"83.30000","8.33012","52215.77344","14.56314","8.02341"
"83.40000","8.34017","52226.51172","14.58071","8.03833"
"83.50000","8.35020","52235.72266","14.59825","8.05377"
"83.60000","8.36015","52246.34375","14.61565","8.06907"
"83.70000","8.37018","52256.39453","14.63318","8.08437"
"83.80000","8.38016","52263.22266","14.65063","8.09938"
"83.90000","8.39009","52272.00391","14.66798","8.11510"
"84.00000","8.40012","52285.55859","14.68552","8.13025"
"84.10000","8.41020","52297.19922","14.70314","8.14575"
"84.20000","8.42017","52304.79297","14.72058","8.16090"
"84.30000","8.43015","52312.77344","14.73803","8.17608"
"84.40000","8.44018","52321.76953","14.75556","8.19148"
"84.50000","8.45018","52330.01172","14.77305","8.20667"
"84.60000","8.46019","52339.93359","14.79054","8.22211"
"84.70000","8.47024","52350.17969","14.80812","8.23789"
"84.80000","8.48030","52357.97266","14.82569","8.25311"
"84.90000","8.49022","52365.40625","14.84305","8.26826"
"85.00000","8.50015","52376.06250","14.86041","8.28339"
"85.10000","8.51018","52386.61719","14.87794","8.29868"
"85.20000","8.52021","52395.39062","14.89547","8.31465"
"85.30000","8.53019","52404.90625","14.91292","8.32995"
"85.40000","8.54025","52416.31250","14.93050","8.34560"
"85.50000","8.55022","52422.02344","14.94794","8.36121"
"85.60000","8.56015","52426.31250","14.96530","8.37639"
"85.70000","8.57016","52437.95703","14.98279","8.39219"
"85.80000","8.58018","52449.51172","15.00032","8.40770"
"85.90000","8.59016","52459.95703","15.01777","8.42287"
"86.00000","8.60014","52468.48047","15.03521","8.43900"
"86.10000","8.61017","52477.51953","15.05274","8.45446"
"86.20000","8.62010","52483.08594","15.07010","8.46942"
"86.30000","8.63005","52493.37109","15.08750","8.48556"
"86.40000","8.64018","52504.89062","15.10521","8.50101"
"86.50000","8.65029","52512.72266","15.12288","8.51682"
"86.60000","8.66024","52517.09766","15.14028","8.53242"
"86.70000","8.67019","52527.86328","15.15768","8.54800"
"86.80000","8.68022","52539.08203","15.17521","8.56371"
"86.90000","8.69023","52545.89453","15.19270","8.57954"
"87.00000","8.70023","52554.28516","15.21019","8.59567"
"87.10000","8.71026","52564.89062","15.22772","8.61105"
"87.20000","8.72024","52571.09375","15.24517","8.62704"
"87.30000","8.73016","52577.27344","15.26252","8.64286"
"87.40000","8.74019","52585.65625","15.28006","8.65892"
"87.50000","8.75020","52593.05859","15.29755","8.67409"
"87.60000","8.76015","52600.06641","15.31495","8.68992"
"87.70000","8.77015","52609.14062","15.33244","8.70567"
"87.80000","8.78021","52617.74609","15.35002","8.72163"
"87.90000","8.79019","52625.67969","15.36746","8.73719"
"88.00000","8.80012","52635.05078","15.38482","8.75286"
"88.10000","8.81017","52646.40625","15.40239","8.76932"
"88.20000","8.82025","52654.25391","15.42002","8.78540"
"88.30000","8.83023","52660.11328","15.43746","8.80155"
"88.40000","8.84018","52667.17578","15.45486","8.81781"
"88.50000","8.85013","52675.14062","15.47226","8.83347"
"88.60000","8.86014","52683.27734","15.48975","8.84972"
"88.70000","8.87019","52691.80469","15.50733","8.86577"
"88.80000","8.88027","52699.18359","15.52495","8.88169"
"88.90000","8.89020","52703.03516","15.54231","8.89800"
"89.00000","8.90010","52708.78125","15.55962","8.91396"
"89.10000","8.91013","52716.95312","15.57715","8.92989"
"89.20000","8.92021","52725.33203","15.59478","8.94610"
"89.30000","8.93021","52731.47266","15.61226","8.96158"
"89.40000","8.94022","52741.13281","15.62975","8.97793"
"89.50000","8.95027","52751.73047","15.64733","8.99419"
"89.60000","8.96025","52756.16797","15.66478","9.00989"
"89.70000","8.97018","52762.91406","15.68213","9.02589"
"89.80000","8.98021","52772.80859","15.69967","9.04248"
"89.90000","8.99024","52780.51562","15.71720","9.05862"
"90.00000","9.00017","52783.59766","15.73456","9.07464"
"90.10000","9.01007","52790.07031","15.75187","9.09052"
"90.20000","9.02007","52797.98047","15.76936","9.10674"
"90.30000","9.03013","52806.82422","15.78693","9.12280"
"90.40000","9.04018","52815.52734","15.80451","9.13934"
"90.50000","9.05026","52821.68359","15.82213","9.15495"
"90.60000","9.06026","52825.63672","15.83962","9.17154"
"90.70000","9.07019","52831.83984","15.85698","9.18777"
"90.80000","9.08020","52841.05469","15.87447","9.20417"
"90.90000","9.09028","52848.01562","15.89209","9.22038"
"91.00000","9.10025","52853.13672","15.90953","9.23661"
"91.10000","9.11016","52860.18359","15.92685","9.25282"
"91.20000","9.12014","52867.01172","15.94429","9.26925"
"91.30000","9.13014","52872.70703","15.96178","9.28537"
"91.40000","9.14014","52880.88281","15.97927","9.30172"
"91.50000","9.15020","52889.69922","15.99685","9.31828"
"91.60000","9.16020","52895.42188","16.01434","9.33428"
"91.70000","9.17015","52900.65234","16.03174","9.35086"
"91.80000","9.18013","52907.87891","16.04918","9.36718"
"91.90000","9.19016","52915.00781","16.06672","9.38354"
"92.00000","9.20017","52922.51172","16.08421","9.39998"
"92.10000","9.21014","52929.67578","16.10165","9.41643"
"92.20000","9.22017","52937.11328","16.11919","9.43280"
"92.30000","9.23018","52941.02344","16.13667","9.44961"
"92.40000","9.24013","52945.14453","16.15407","9.46573"
"92.50000","9.25018","52954.71094","16.17165","9.48279"
"92.60000","9.26029","52962.78516","16.18932","9.49952"
"92.70000","9.27027","52966.74219","16.20676","9.51605"
"92.80000","9.28022","52970.71875","16.22416","9.53269"
"92.90000","9.29025","52978.63672","16.24169","9.54928"
"93.00000","9.30020","52981.61328","16.25910","9.56578"
"93.10000","9.31016","52986.76562","16.27650","9.58228"
"93.20000","9.32021","52993.64844","16.29407","9.59883"
"93.30000","9.33021","53000.42188","16.31156","9.61572"
"93.40000","9.34017","53005.33203","16.32897","9.63202"
"93.50000","9.35015","53011.41016","16.34641","9.64909"
"93.60000","9.36020","53017.04297","16.36399","9.66566"
"93.70000","9.37018","53022.94531","16.38143","9.68215"
"93.80000","9.38013","53029.23828","16.39883","9.69890"
"93.90000","9.39019","53036.20703","16.41641","9.71562"
"94.00000","9.40019","53040.73047","16.43390","9.73243"
"94.10000","9.41009","53045.24219","16.45121","9.74881"
"94.20000","9.42005","53053.92578","16.46861","9.76541"
"94.30000","9.43015","53062.37891","16.48628","9.78279"
"94.40000","9.44021","53067.11328","16.50386","9.79923"
"94.50000","9.45021","53072.24219","16.52135","9.81617"
"94.60000","9.46024","53075.83984","16.53888","9.83310"
"94.70000","9.47022","53079.35938","16.55632","9.84955"
"94.80000","9.48017","53082.99609","16.57373","9.86641"
"94.90000","9.49025","53090.02344","16.59134","9.88334"
"95.00000","9.50030","53095.70312","16.60892","9.89989"
"95.10000","9.51023","53100.18750","16.62628","9.91672"
"95.20000","9.52019","53105.98047","16.64368","9.93402"
"95.30000","9.53019","53112.03125","16.66117","9.95061"
"95.40000","9.54014","53116.20312","16.67857","9.96690"
"95.50000","9.55010","53124.21875","16.69597","9.98421"
"95.60000","9.56020","53130.92578","16.71364","10.00123"
"95.70000","9.57023","53134.53125","16.73117","10.01843"
"95.80000","9.58016","53138.23047","16.74853","10.03540"
"95.90000","9.59014","53144.87891","16.76597","10.05265"
"96.00000","9.60019","53151.80859","16.78355","10.06965"
"96.10000","9.61022","53157.14062","16.80108","10.08668"
"96.20000","9.62022","53162.25781","16.81857","10.10407"
"96.30000","9.63025","53165.28125","16.83611","10.12114"
"96.40000","9.64013","53167.83203","16.85337","10.13806"
"96.50000","9.65008","53171.42578","16.87078","10.15474"
"96.60000","9.66019","53180.72266","16.88844","10.17237"
"96.70000","9.67027","53184.22266","16.90606","10.18933"
"96.80000","9.68017","53187.15625","16.92338","10.20666"
"96.90000","9.69012","53192.07422","16.94078","10.22377"
"97.00000","9.70015","53198.19531","16.95831","10.24084"
"97.10000","9.71016","53202.52734","16.97580","10.25770"
"97.20000","9.72016","53209.83984","16.99329","10.27530"
"97.30000","9.73024","53215.24219","17.01091","10.29233"
"97.40000","9.74027","53218.90625","17.02844","10.30978"
"97.50000","9.75022","53220.43359","17.04584","10.32687"
"97.60000","9.76023","53226.73828","17.06333","10.34404"
"97.70000","9.77023","53230.52344","17.08082","10.36124"
"97.80000","9.78021","53234.46875","17.09826","10.37827"
"97.90000","9.79019","53241.73047","17.11571","10.39571"
"98.00000","9.80019","53245.72266","17.13320","10.41312"
"98.10000","9.81007","53245.36719","17.15047","10.43053"
"98.20000","9.82007","53254.13281","17.16796","10.44860"
"98.30000","9.83020","53261.20312","17.18567","10.46682"
"98.40000","9.84028","53263.49219","17.20329","10.48476"
"98.50000","9.85023","53265.45703","17.22069","10.50178"
"98.60000","9.86021","53271.93750","17.23813","10.51932"
"98.70000","9.87024","53276.22266","17.25567","10.53671"
"98.80000","9.88022","53278.80859","17.27311","10.55444"
"98.90000","9.89022","53284.06250","17.29060","10.57149"
"99.00000","9.90023","53288.07812","17.30809","10.58897"
"99.10000","9.91018","53290.03906","17.32549","10.60667"
"99.20000","9.92014","53293.32812","17.34289","10.62371"
"99.30000","9.93016","53299.91406","17.36042","10.64116"
"99.40000","9.94022","53305.44141","17.37800","10.65863"
"99.50000","9.95020","53309.05469","17.39545","10.67692"
"99.60000","9.96017","53312.58203","17.41289","10.69446"
"99.70000","9.97018","53315.10938","17.43038","10.71196"
"99.80000","9.98013","53315.52734","17.44778","10.72902"
"99.90000","9.99011","53322.35547","17.46523","10.74661"
"100.00000","10.00014","53331.00000","17.48276","10.76458"
